{"cameraMode":{"drawMode":0,"name":"Shaded","section":"Shading Mode"},"sceneLighting":false,"audioPlay":false,"sceneViewState":{"showFog":true,"showMaterialUpdate":false,"showSkybox":false,"showFlares":true,"showImageEffects":true,"showParticleSystems":true},"in2DMode":false,"pivot":{"x":-0.009935855865478516,"y":-0.08281755447387696,"z":0.07632112503051758},"rotation":{"x":0.1163937896490097,"y":0.7967154383659363,"z":-0.16258926689624787,"w":0.5703483819961548},"size":10.182048797607422,"orthographic":false}