{"cameraMode":{"drawMode":0,"name":"Shaded","section":"Shading Mode"},"sceneLighting":true,"audioPlay":false,"sceneViewState":{"showFog":true,"showMaterialUpdate":false,"showSkybox":true,"showFlares":true,"showImageEffects":true,"showParticleSystems":true},"in2DMode":false,"pivot":{"x":-34.424137115478519,"y":-17.787395477294923,"z":20.237871170043947},"rotation":{"x":-0.1890086829662323,"y":0.5359353423118591,"z":-0.1245172992348671,"w":-0.8133864402770996},"size":30.03400993347168,"orthographic":false}